{"stats":{"minecraft:killed":{"minecraft:skeleton":1,"minecraft:creeper":1},"minecraft:used":{"minecraft:sand":3,"minecraft:hopper":1,"minecraft:grass_block":9,"minecraft:chest":3,"minecraft:sugar_cane":6},"minecraft:picked_up":{"minecraft:bone":2,"minecraft:sand":6,"minecraft:gunpowder":1,"minecraft:chest":1},"minecraft:custom":{"minecraft:time_since_rest":34653,"minecraft:open_chest":9,"minecraft:crouch_one_cm":502,"minecraft:play_time":36150,"minecraft:sprint_one_cm":17127,"minecraft:deaths":1,"minecraft:walk_one_cm":24287,"minecraft:sneak_time":520,"minecraft:walk_under_water_one_cm":2364,"minecraft:mob_kills":2,"minecraft:drop":1,"minecraft:jump":136,"minecraft:damage_dealt":637,"minecraft:leave_game":3,"minecraft:walk_on_water_one_cm":725,"minecraft:time_since_death":34626,"minecraft:total_world_time":36166,"minecraft:fly_one_cm":766843,"minecraft:fall_one_cm":209},"minecraft:dropped":{"minecraft:chest":1}},"DataVersion":3953}