{"stats":{"minecraft:picked_up":{"minecraft:sand":6,"minecraft:chest":1},"minecraft:used":{"minecraft:chest":3,"minecraft:sand":3,"minecraft:hopper":1},"minecraft:dropped":{"minecraft:chest":1},"minecraft:custom":{"minecraft:jump":40,"minecraft:open_chest":7,"minecraft:time_since_rest":21347,"minecraft:walk_on_water_one_cm":725,"minecraft:damage_dealt":167,"minecraft:crouch_one_cm":386,"minecraft:sprint_one_cm":1629,"minecraft:leave_game":2,"minecraft:play_time":22844,"minecraft:deaths":1,"minecraft:time_since_death":21320,"minecraft:walk_one_cm":12933,"minecraft:sneak_time":389,"minecraft:total_world_time":22860,"minecraft:walk_under_water_one_cm":2364,"minecraft:drop":1,"minecraft:fall_one_cm":209,"minecraft:fly_one_cm":374934}},"DataVersion":3953}